ABBEY  -,
ABI  -,
ACE  -,
ADRIA  -,
AMERICAN CAMPER  -,
ATS  -,
AUTOCRUISE  -,
AUTOSLEEPER  -,
AUTOTRAIL  -,
AVONDALE  -,
BAILEY  -,
BENIMAR  -,
BENTLEY  -,
BESSACAR  - ,
BILBOS  -,
BUCCANEER  -,
BURSTNER  -,
CARADO  -,
CATHAGO  -,
CHAUSSON  -,
CI  -,
CITROEN  -,
CLARION  -,
COACHMEN  -,
COASTER  -,
COMPASS  -,
CONCORDE  -,
CONQUEST  -,
COUNTRY CAMPERS  -,
CRUISER  -,
DAMON  -,
DANBURY  -,
DETHLEFFS  -,
DEVON  -,
DODGE  -,
DREAM CATCHER  -,
EL DORADO  -,
ELDDIS  -,
ELNAGH  -,
ERIBA  -,
ESCAPE  -,
EURAMOBIL  -,
EURO STYLE  -,
EXECUTIVE  -,
FENDT  -,
FIAT  -,
FLEETWOOD  -,
FLEURETTE  -,
FORD  -,
FOREST RIVER  -,
FOUR WINDS  -,
FRANKIA  -,
FREEDOM  -,
GEIST  -,
GEORGIE BOY  -,
GLENDALE  -,
GLOBECAR  -,
GULFSTREAM  -,
HERALD  -,
HILLSIDE  -,
HOBBY  -,
HOLDSWORTH  -,
HOLIDAY  -,
HOMECAR  -,
HYMER  -,
HYUNDAI  -,
IH MOTOR CAMPER  -,
JOINT  -,
KENTUCKY  -,
KNAUS  -,
LA STRADA  -,
LAIKA  -,
LE VOYAGER  -,
LEISUREDRIVE  -,
LMC  -,
LUNAR  -,
MACHZONE  -,
MAZDA  -,
MCLOUIS  -,
MERCEDES BENZ  -,
MILLER  -,
MIRAGE  -,
MOBILVETTA  -,
MONACO  -,
MONCAYA  -,
MOOVEO  -,
MOTOTREK  -,
MURVI  -,
NIESMANNBISCH  -,
NISSAN  -,
NU VENTURE  -,
ORIAN  -,
PEUGEOT  -,
PILOTE  -,
PIONEER  -,
POD  - ,
RAPIDO  -,
REIMO  -,
RENAULT  -,
RIMOR  -,
ROLLERTEAM  -,
ROMAHOME  -,
RS  -,
SEA  -,
SILVERLINE  -,
STERLING  -,
SUNLIGHT  -,
SWIFT  -,
SUN LIVING  -,
SYCAMORE  -,
TABBERT  -,
TALBOT  -,
TEC  -,
THOR  -,
TIFFIN  -,
TIMBERLAND  -,
TOYOTA  -,
TRIBUTE  -,
TRIGANO  -,
VAN AMERICAN  -,
VANTAGE  -,
VAUXHALL  -,
VOLKSWAGEN  -,
WEINSBERG  -,
WELLHOUSE  -,
WESTFALIA  -,
WHEELHOME  -,
WILDAX  -,
WINNEBAGO  -,
OTHER  -,